seed,next_best_move,predicted_next_best_move,response
0, , ,"Since the given start state and the end state are identical, no move is needed to reach the end state.

 "
1,"move(r2, c2, r2, c1)","move(r0, c2, r0, c1)","I need to compare the start state and the goal state to determine the necessary move.

Start state:
```
[[0. 0. 1.]
 [0. 1. 1.]
 [0. 1. 1.]]
```

Goal state:
```
[[0. 1. 0.]
 [0. 1. 1.]
 [0. 1. 1.]]
```

I notice these differences:
- In the start state, there's a block at position (0,2)
- In the goal state, there's a block at position (0,1)
- The block needs to move from the top-right to the top-middle

Since the block at (0,2) has no blocks above it, it can be moved. And the destination at (0,1) is empty, so we can move there.

move 0 2 0 1"
2,"move(r1, c1, r0, c0)","move(r1, c1, r2, c0)","Looking at the start and goal states:

Start:
```
[[0. 0. 1.]
 [0. 1. 1.]
 [0. 1. 1.]]
```

Goal:
```
[[0. 0. 1.]
 [0. 0. 1.]
 [1. 1. 1.]]
```

I need to check what blocks can be moved according to the rules.

In the start state:
- The block at (1,1) has a 0 above it, so it can be moved
- The block at (1,2) has a 1 above it, so it cannot be moved
- The block at (2,1) has a 1 above it, so it cannot be moved
- The block at (2,2) has a 1 above it, so it cannot be moved
- The block at (0,2) has nothing above it, so it can be moved

Looking at the goal state, I need to move a block to position (2,0) which is currently empty.

I can move the block at (1,1) to (2,0):

move 1 1 2 0"
3,"move(r2, c2, r2, c0)","move(r0, c2, r2, c0)","I need to compare the start and goal states carefully:

Start state:
```
[[0. 0. 1.]
 [0. 1. 1.]
 [0. 1. 1.]]
```

Goal state:
```
[[0. 0. 0.]
 [0. 1. 1.]
 [1. 1. 1.]]
```

Comparing these states:
- In the top row (row 0): Start has a block at (0,2), goal has no blocks
- In the middle row (row 1): Both have blocks at (1,1) and (1,2)
- In the bottom row (row 2): Start has blocks at (2,1) and (2,2), goal has blocks at (2,0), (2,1), and (2,2)

To move closer to the goal, I need to:
1. Move the block from the top right (0,2) somewhere else
2. Eventually get a block to the bottom left (2,0)

Looking at the valid moves:
- The block at (0,2) can be moved because it has no blocks above it
- I should move it to (2,0) which is empty in the start state but needs a block in the goal state

Therefore:
move 0 2 2 0"
4,"move(r2, c2, r2, c1)","move(r0, c2, r2, c0)","I need to compare the current state:
```
[0. 0. 1.]
[0. 1. 1.]
[0. 1. 1.]
```

With the goal state:
```
[0. 1. 0.]
[0. 1. 0.]
[1. 1. 1.]
```

Looking at the differences:
1. The top-right block (0,2) needs to be moved
2. A block needs to be added to the bottom-left (2,0)
3. The middle-right block (1,2) needs to be removed

Since I can only move blocks that have empty space above them, and only one block at a time, I need to identify which move gets me closer to the goal.

The block at (0,2) can be moved since it's at the top. Looking at where it needs to go in the goal state, I should move it to (2,0).

move 0 2 2 0"
5,"move(r1, c1, r2, c0)","move(r1, c1, r1, c0)","I need to find the best move to transform the start state into the goal state.

Start state:
```
[[0. 0. 1.]
 [0. 1. 1.]
 [0. 1. 1.]]
```

Goal state:
```
[[0. 0. 1.]
 [1. 0. 1.]
 [1. 0. 1.]]
```

Comparing them, I can see that:
- Column 0: The start has [0,0,0], and the goal has [0,1,1]
- Column 1: The start has [0,1,1], and the goal has [0,0,0]

Looking at the rules, I can move a block only if there's a 0 directly above it. In the start state, the blocks in the middle column (positions [1,1] and [2,1]) both have empty spaces above them, so they can be moved.

To match the goal state, I need to move blocks from column 1 to column 0. Since I can only move one block at a time, I should start with the top-most movable block at [1,1].

move 1 1 1 0"
6,"move(r1, c1, r2, c0)","move(r0, c2, r1, c0)","I need to analyze how to transform the start state to the goal state.

Start state:
```
[0. 0. 1.]  <- top row (row 0)
[0. 1. 1.]  <- middle row (row 1)
[0. 1. 1.]  <- bottom row (row 2)
```

Goal state:
```
[0. 0. 0.]  <- top row (row 0)
[1. 0. 1.]  <- middle row (row 1)
[1. 1. 1.]  <- bottom row (row 2)
```

Comparing the states:
- We need to remove the block at (0,2)
- We need to add a block at (1,0)

Since we can only move one block at a time and can only move blocks with empty space above them, I need to move the block at (0,2) to (1,0).

The block at (0,2) has nothing above it, so it can be moved.
The target position (1,0) is currently empty, so it can receive a block.

Therefore:

move 0 2 1 0"
7,"move(r1, c1, r2, c0)","move(r0, c2, r1, c0)","I need to analyze the current state and the goal state to determine the best move.

Current state:
```
[0. 0. 1.]
[0. 1. 1.]
[0. 1. 1.]
```

Goal state:
```
[0. 0. 0.]
[1. 1. 0.]
[1. 1. 1.]
```

Looking at the current state, I notice there's a block at (0,2) that isn't in the goal state. According to the rules, I can only move a block if there's a 0 directly above it. The block at (0,2) has nothing above it and needs to be removed.

I also notice that in the goal state, there should be a block at (1,0) which is currently empty in the starting state.

Therefore, I need to move the block from (0,2) to (1,0).

move 0 2 1 0"
8,"move(r2, c2, r2, c0)","move(r0, c2, r1, c0)","I need to figure out the best move to transform the start state into the goal state.

Starting state:
```
[[0. 0. 1.]
 [0. 1. 1.]
 [0. 1. 1.]]
```

Goal state:
```
[[0. 1. 0.]
 [1. 1. 0.]
 [1. 1. 0.]]
```

Looking at the changes needed:
- The (0,2) position changes from 1 to 0
- The (1,0) position changes from 0 to 1
- The (2,0) position changes from 0 to 1
- The (1,2) and (2,2) positions change from 1 to 0

I can only move one block at a time and it must have an empty space above it. The best move is to move the block at (0,2) to (1,0) since it's immediately movable (has empty space above) and directly contributes to the goal state.

move 0 2 1 0"
9,"move(r1, c1, r2, c0)","move(r0, c2, r0, c0)","I need to find the next move to transform the start state into the goal state.

Start state:
```
[[0. 0. 1.]
 [0. 1. 1.]
 [0. 1. 1.]]
```

Goal state:
```
[[1. 0. 0.]
 [1. 0. 1.]
 [1. 0. 1.]]
```

Looking at the states, I need to move blocks from the middle and right columns to the left column. I can only move blocks that have empty space above them.

In the start state, I can move:
- The block at (0,2) - top right
- The block at (1,1) - middle
- The block at (1,2) - middle right

The left column in the goal state has three blocks, while the start state has none. I need to begin moving blocks to the left column.

The most direct approach is to move a block to position (0,0) which is currently empty and needs a block in the goal state.

move 0 2 0 0"
10,"move(r1, c1, r2, c0)","move(r1, c1, r0, c0)","To solve this problem, I need to determine the best move to transform the start configuration toward the goal configuration.

Start configuration:
```
[0. 0. 1.]
[0. 1. 1.]
[0. 1. 1.]
```

Goal configuration:
```
[1. 0. 0.]
[1. 0. 0.]
[1. 1. 1.]
```

I need to analyze which blocks can be moved according to the rules:
- A block can only be moved if there's a 0 above it
- Only one block can be moved at a time

In the start configuration, I can move:
- The block at (1,1) since there's a 0 above it at (0,1)
- The block at (1,2) since there's a 0 above it at (0,2)

Looking at the goal configuration, I need to build up the first column and reduce the second and third columns.

The best move is to move the block from (1,1) to (0,0) to start building the first column as required in the goal state.

move 1 1 0 0"
11,"move(r2, c2, r2, c0)","move(r0, c2, r0, c0)",move 0 2 0 0
12,"move(r2, c1, r2, c2)","move(r0, c1, r0, c2)","Looking at the starting state and goal state, I can see that there's only one difference:

Starting state:
```
[[0. 1. 0.]
 [0. 1. 1.]
 [0. 1. 1.]]
```

Goal state:
```
[[0. 0. 1.]
 [0. 1. 1.]
 [0. 1. 1.]]
```

In the starting state, there's a block at position (0,1) - top middle.
In the goal state, there's a block at position (0,2) - top right.

Since the block at (0,1) is the only block with nothing above it (it can be moved), and we need to move it to (0,2), the best move is:

move 0 1 0 2"
13, , ,' '
14,"move(r2, c1, r2, c0)","move(r0, c1, r2, c0)","I need to analyze the current and goal states to determine the best move.

Current state:
```
[0. 1. 0.]
[0. 1. 1.]
[0. 1. 1.]
```

Goal state:
```
[0. 0. 1.]
[0. 0. 1.]
[1. 1. 1.]
```

Looking at the differences:
- In the current state, there's a block at (0,1) that should be removed
- In the current state, there's no block at (2,0) that should be added
- The block at (1,0) in the goal state is also missing in the current state

Since I can only move blocks that have an empty space above them, I can move:
- The block at (0,1) since it's at the top row

The best move would be to move this block to position (2,0) since that's where we need a block in the goal state.

move 0 1 2 0"
15,"move(r2, c1, r2, c0)","move(r0, c1, r2, c0)","I need to analyze how to transform the start state into the goal state.

Start state:
```
[0. 1. 0.]  (top row)
[0. 1. 1.]  (middle row)
[0. 1. 1.]  (bottom row)
```

Goal state:
```
[0. 0. 0.]  (top row)
[0. 1. 1.]  (middle row)
[1. 1. 1.]  (bottom row)
```

Looking at the differences:
- The block at (0,1) needs to be removed from the top row
- A block needs to be added at (2,0) in the bottom row

Since I can only move a block if there's a 0 above it, the block at (0,1) in the top row is free to move. I can move it to the empty position at (2,0) in the bottom row.

move 0 1 2 0"
16,"move(r1, c2, r0, c0)","move(r1, c2, r2, c0)","I need to compare the start and end configurations to determine the best move.

Start state:
```
[[0. 1. 0.]
 [0. 1. 1.]
 [0. 1. 1.]]
```

Goal state:
```
[[0. 1. 0.]
 [0. 1. 0.]
 [1. 1. 1.]]
```

Looking at the differences:
- In the start state, there's a block at (1,2) that's not in the goal state
- In the start state, there's no block at (2,0) that's in the goal state

I need to move a block from (1,2) to (2,0). The block at (1,2) can be moved because there's an empty space (0) above it at (0,2).

Therefore, the next best move is:
move 1 2 2 0"
17,"move(r2, c1, r2, c0)","move(r0, c1, r1, c0)","I need to find the best move to transform the start state into the goal state.

Starting with:
```
[[0. 1. 0.]
 [0. 1. 1.]
 [0. 1. 1.]]
```

Goal:
```
[[0. 0. 1.]
 [1. 0. 1.]
 [1. 0. 1.]]
```

Looking at the differences, I need to:
- Remove the block at (0,1) 
- Add a block at (1,0) and (2,0)
- Remove the block at (1,1) and (2,1)

Since I can only move one block at a time, I need to start with a block that has a 0 above it. 

The block at (1,1) has a block above it, so I can't move it directly.
The block at (2,1) has blocks above it, so I can't move it.
The block at (0,1) has nothing above it (it's at the top), so I can move it.
The block at (1,2) has a 0 above it, so I can move it.
The block at (2,2) has a block above it, so I can't move it.

Since the block at (0,1) needs to be removed and I can move it, I'll move it to (1,0) which is where we need a block in the goal state.

move 0 1 1 0"
18,"move(r2, c1, r2, c0)","move(r0, c1, r1, c0)","I'll analyze this block-stacking task by comparing the start and goal configurations.

Starting state:
```
[[0. 1. 0.]
 [0. 1. 1.]
 [0. 1. 1.]]
```

Goal state:
```
[[0. 0. 0.]
 [1. 0. 1.]
 [1. 1. 1.]]
```

Comparing these states:
- The block at (0,1) in the start state needs to be removed
- A block needs to be added at (1,0) in the goal state
- The block at (1,1) in the start state needs to be removed

Looking at the valid moves, I can see that the block at (0,1) can be moved since there's nothing above it. This block needs to be moved to position (1,0) which is currently empty.

Therefore the best move is:
move 0 1 1 0"
19,"move(r2, c1, r2, c0)","move(r1, c2, r1, c0)","I need to determine how to transform the start state into the goal state.

Start state:
```
[[0. 1. 0.]
 [0. 1. 1.]
 [0. 1. 1.]]
```

Goal state:
```
[[0. 0. 0.]
 [1. 1. 0.]
 [1. 1. 1.]]
```

Looking at the differences:
- In the start state, there's a block at (0,1) that isn't in the goal
- In the start state, there's a block at (1,2) that needs to be moved
- The goal state has a block at (1,0) that isn't in the start

I can only move blocks that have empty space above them. In the start state, I can move the blocks at (0,1), (1,2), and (2,2).

The most efficient move would be to move the block at (1,2) to (1,0) since this directly contributes to reaching the goal state.

move 1 2 1 0"
20,"move(r2, c1, r2, c0)","move(r1, c2, r1, c0)","Looking at the given states:

Starting state:
```
[[0. 1. 0.]
 [0. 1. 1.]
 [0. 1. 1.]]
```

Goal state:
```
[[0. 1. 0.]
 [1. 1. 0.]
 [1. 1. 0.]]
```

I need to move blocks to transform the starting state into the goal state. Let me analyze the differences:

1. In the starting state, there's a block at (1,2) and (2,2) that need to be moved.
2. In the goal state, we need blocks at (1,0) and (2,0) instead.

Since we can only move one block at a time and blocks need empty space above them to move, I'll check which move is valid:

The block at (1,2) has empty space above it (0,2), so it can be moved.
The block at (2,2) has a block above it (1,2), so it cannot be moved yet.

I need to move the block from (1,2) to (1,0). The format is:
move r_old c_old r_new c_new

Therefore:
move 1 2 1 0"
21,"move(r2, c1, r2, c0)","move(r0, c1, r0, c0)","To solve this block-stacking task, I need to compare the start and goal configurations and determine what move to make.

Start configuration:
```
[[0. 1. 0.]
 [0. 1. 1.]
 [0. 1. 1.]]
```

Goal configuration:
```
[[1. 0. 0.]
 [1. 0. 1.]
 [1. 0. 1.]]
```

Looking at these configurations, I can see:
- We need to move blocks from the middle column to the left column
- We need to move one block from the right column to the left column

Since we can only move blocks that have empty space above them, let's check what's movable:
- The block at (0,1) has nothing above it and can be moved
- The block at (2,2) has blocks above it and cannot be moved
- The block at (1,2) has empty space above it and can be moved

Looking at the goal state, I need to build the left column, so my best move is to take the top block from the middle column (0,1) and move it to the top of the left column (0,0).

move 0 1 0 0"
22,"move(r2, c1, r2, c0)","move(r0, c1, r0, c0)","After analyzing the starting and goal states, I can see that in the goal state, the entire first column should be filled with blocks, as well as the entire bottom row.

Currently in the starting state, we have blocks in the middle column and on the right side, but none in the left column.

Looking at the starting configuration, I need to move a block that has empty space above it to begin rearranging. The block at position (2,1) [bottom row, middle column] has a block above it, so I can't move it. The block at (2,2) [bottom row, right column] has a block above it, so I can't move that either.

The block at (1,1) [middle row, middle column] has a block above it, so I can't move it.
The block at (1,2) [middle row, right column] has an empty space above it, so I can move it.
The block at (0,1) [top row, middle column] has empty space above it (implicitly), so I can move it.

Based on the goal state, I need to start filling the left column, so I'll move a block to position (0,0).

move 0 1 0 0"
23,"move(r1, c2, r2, c0)","move(r0, c1, r2, c0)","I need to compare the start state with the end state to find the best move.

Start state:
```
[[0. 1. 0.]
 [0. 1. 1.]
 [0. 1. 1.]]
```

End state:
```
[[1. 0. 0.]
 [1. 1. 0.]
 [1. 1. 0.]]
```

Looking at the differences:
- In the start state, column 0 is empty [0,0,0], but in the end state it has blocks [1,1,1]
- In the start state, column 1 has blocks [1,1,1], but in the end state it has [0,1,1]
- In the start state, column 2 has blocks [0,1,1], but in the end state it's empty [0,0,0]

Since I can only move a block if there's a 0 above it, let me check which blocks can be moved:
- In column 1, the top block (0,1) has nothing above it, so it can be moved
- In column 2, the top block (1,2) has nothing above it, so it can be moved

Looking at what needs to change, I need to move blocks to column 0 and remove blocks from columns 1 and 2.

The most direct move would be to move the top block from column 1 to the bottom position of column 0:

move 0 1 2 0"
24,"move(r0, c0, r1, c1)","move(r2, c0, r1, c1)","I need to analyze how to transform the start state into the goal state.

Start state:
```
[[0. 0. 1.]
 [0. 0. 1.]
 [1. 1. 1.]]
```

Goal state:
```
[[0. 0. 1.]
 [0. 1. 1.]
 [0. 1. 1.]]
```

Comparing these states:
- The block at (2,0) (bottom left) in the start state needs to be removed
- We need an additional block at (1,1) (middle center) in the goal state

Since we can only move blocks that have an empty space above them, I can move the block at (2,0) to (1,1).

move 2 0 1 1"
25,"move(r0, c0, r1, c1)","move(r0, c2, r0, c1)","I need to compare the start state and the goal state to determine the best move.

Start state:
```
[[0. 0. 1.]
 [0. 0. 1.]
 [1. 1. 1.]]
```

Goal state:
```
[[0. 1. 0.]
 [0. 1. 1.]
 [0. 1. 1.]]
```

Analyzing the differences:
- The block at (2,0) in start needs to be removed in goal
- The block at (0,2) in start needs to be removed in goal
- A block at (0,1) needs to be added in goal

Since I can only move blocks with nothing above them, I can move:
- The block at (0,2) since it's at the top
- The block at (2,0) since it has nothing above it

Looking at the goal state, I need a block at (0,1), so the best move would be to move the top-right block to the top-middle position:

move 0 2 0 1"
26, , ,"No move is needed, as the start and goal configurations are already identical."
27,"move(r2, c2, r1, c1)","move(r0, c2, r1, c1)","I need to analyze the two configurations to find the best next move.

Starting state:
```
[[0. 0. 1.]
 [0. 0. 1.]
 [1. 1. 1.]]
```

Goal state:
```
[[0. 0. 0.]
 [0. 1. 1.]
 [1. 1. 1.]]
```

Looking at the difference:
- In the start state, there's a block at (0,2) and (1,2)
- In the goal state, there's no block at (0,2), but there is one at (1,1)

I need to move a block from position (0,2) to position (1,1). However, I can only move blocks that have an empty space above them. In this case, the block at (0,2) has empty space above it (since it's the top row).

Therefore, the next best move is:
move 0 2 1 1"
28,"move(r2, c2, r2, c0)","move(r0, c2, r0, c1)","I need to analyze how to transform the start state to the goal state.

Start state:
```
[[0. 0. 1.]
 [0. 0. 1.]
 [1. 1. 1.]]
```

Goal state:
```
[[0. 1. 0.]
 [0. 1. 0.]
 [1. 1. 1.]]
```

Comparing the two states:
- The bottom row (row 2) remains the same with [1. 1. 1.]
- In the middle row (row 1), start has [0. 0. 1.] while goal has [0. 1. 0.]
- In the top row (row 0), start has [0. 0. 1.] while goal has [0. 1. 0.]

I need to move a block from column 2 to column 1 in both the middle and top rows.

Looking at the rules, I can only move blocks that have empty space above them. The block at (1, 2) has a block above it at (0, 2), so I can't move it directly. I need to first move the block at (0, 2).

The best move is to move the block from (0, 2) to (0, 1):

move 0 2 0 1"
29,"move(r0, c1, r1, c0)","move(r2, c1, r1, c0)","The starting state is:
```
[[0. 0. 1.]
 [0. 0. 1.]
 [1. 1. 1.]]
```

And the goal state is:
```
[[0. 0. 1.]
 [1. 0. 1.]
 [1. 0. 1.]]
```

Looking at these states:
- The top and right column blocks are already in the correct positions
- In the bottom row, the left block (0,0) is already correct
- In the bottom row, the middle block (0,1) needs to be removed
- In the middle row, the left block (1,0) is missing and needs to be added

Since we can only move blocks with nothing above them, I can move the middle block in the bottom row to the left block in the middle row.

move 2 1 1 0"
30,"move(r2, c2, r2, c0)","move(r0, c2, r1, c0)","I need to compare the start and goal states to find the best move.

Start state:
```
[[0. 0. 1.]
 [0. 0. 1.]
 [1. 1. 1.]]
```

Goal state:
```
[[0. 0. 0.]
 [1. 0. 1.]
 [1. 1. 1.]]
```

Comparing these states:
- The bottom row (row 2) is the same in both states: [1. 1. 1.]
- In the middle row (row 1), the start state has [0. 0. 1.] while the goal has [1. 0. 1.]
- In the top row (row 0), the start state has [0. 0. 1.] while the goal has [0. 0. 0.]

I need to:
1. Move the block from the top row, column 2 (0,2) somewhere else
2. Add a block to the middle row, column 0 (1,0)

Looking at the rules, I can only move a block if there's a 0 above it. The block at (0,2) can't be moved (it's already at the top).

Since the block at (1,2) has a block above it, I can't move it either.

I can move the block from (0,2) to (1,0) which would match the goal state.

move 0 2 1 0"
31,"move(r0, c0, r2, c0)","move(r0, c2, r1, c0)","I need to analyze the current and goal states to find the best move.

In the start state:
```
[[0. 0. 1.]  # row 0
 [0. 0. 1.]  # row 1
 [1. 1. 1.]] # row 2
```

In the goal state:
```
[[0. 0. 0.]  # row 0
 [1. 1. 0.]  # row 1
 [1. 1. 1.]] # row 2
```

Comparing these:
- The blocks at (2,0), (2,1), and (2,2) remain in place
- The block at (1,2) in the start state needs to be moved
- The block at (0,2) in the start state needs to be moved
- The goal has blocks at (1,0) and (1,1) that aren't in those positions in the start state

I need to move a block from column 2 to column 0 or 1. Since there's a block at (0,2), it's free to move (has no blocks above it).

The best move is to move the block from (0,2) to (1,0):

move 0 2 1 0"
32,"move(r0, c0, r2, c0)","move(r2, c2, r0, c1)","First, let me analyze the current state and goal state:

Current state:
```
0 0 1  (row 0)
0 0 1  (row 1)
1 1 1  (row 2)
```

Goal state:
```
0 1 0  (row 0)
1 1 0  (row 1)
1 1 0  (row 2)
```

I need to:
1. Move the block at (0,2) to (0,1)
2. Move the block at (1,2) to (1,0)
3. Remove the block at (2,2)

Looking at the rules, I can only move blocks with empty space above them. Currently, I can move blocks at (2,0), (2,1), and (2,2).

The most direct move is to remove the block at (2,2) since it doesn't belong in the goal state. After that, I'll be able to move other blocks to reach the goal.

Therefore, the next best move is:

move 2 2 0 1"
33,"move(r0, c1, r2, c0)","move(r0, c2, r0, c0)","Since we need to move from the start state:
```
[[0. 0. 1.]
 [0. 0. 1.]
 [1. 1. 1.]]
```

To the end state:
```
[[1. 0. 0.]
 [1. 0. 1.]
 [1. 0. 1.]]
```

Let's analyze the differences:
- Column 0 needs blocks in rows 0, 1, and 2
- Column 1 needs all blocks removed
- Column 2 needs blocks in rows 1 and 2, but not row 0

Looking at the current state, I can see I need to move a block from column 2 row 0 (top-right) since it has no block above it. The best move would be to move it to column 0 row 0 (top-left) which is currently empty.

move 0 2 0 0"
34,"move(r2, c2, r2, c0)","move(r0, c2, r0, c0)",move 0 2 0 0
35,"move(r2, c2, r2, c0)","move(r2, c2, r1, c0)","I need to examine the starting state and determine the best move to help reach the goal state.

Looking at the start state:
```
[[0. 0. 1.]  (row 0)
 [0. 0. 1.]  (row 1)
 [1. 1. 1.]] (row 2)
```

And the goal state:
```
[[1. 0. 0.]  (row 0)
 [1. 1. 0.]  (row 1)
 [1. 1. 0.]] (row 2)
```

I need to transform the starting state toward the goal state. I notice:
- I need blocks in the left column (col 0) in all three rows
- I need blocks in the middle column (col 1) in rows 1 and 2
- I need to remove blocks from the right column (col 2) in all rows

Since I can only move blocks that have empty space above them, I can move:
- The block at (2,2) since (1,2) is empty
- The block at (2,1) since (1,1) is empty
- The block at (2,0) since (1,0) is empty

Looking at the goal state, I need more blocks in the left column, so I'll move a block there.

move 2 2 1 0"
36,"move(r0, c0, r2, c1)","move(r2, c0, r0, c2)","I need to compare the start and goal states to determine the best move.

Start state:
```
[[0. 0. 0.]  (row 0)
 [0. 1. 1.]  (row 1)
 [1. 1. 1.]]  (row 2)
```

Goal state:
```
[[0. 0. 1.]  (row 0)
 [0. 1. 1.]  (row 1)
 [0. 1. 1.]]  (row 2)
```

Comparing these states:
- The block at (2,0) in the start state is missing in the goal state
- A block is needed at (0,2) in the goal state

Since we can only move blocks that have empty spaces above them, and the block at (2,0) meets this condition, we can move it to (0,2).

move 2 0 0 2"
37,"move(r0, c0, r2, c1)","move(r2, c0, r0, c1)","I need to analyze the current state and the goal state to determine the next best move.

Current state:
```
[[0. 0. 0.] (row 0)
 [0. 1. 1.] (row 1)
 [1. 1. 1.]] (row 2)
```

Goal state:
```
[[0. 1. 0.] (row 0)
 [0. 1. 1.] (row 1)
 [0. 1. 1.]] (row 2)
```

Comparing these states:
- The middle column needs a block in row 0
- The left column (column 0) needs to have its block removed from row 2

Since I can only move blocks that have nothing above them, I can move the block at (2,0) to (0,1).

move 2 0 0 1"
38,"move(r1, c1, r2, c2)","move(r1, c1, r0, c2)","I need to compare the start and goal states to determine the best move.

In the start state:
```
[[0. 0. 0.]
 [0. 1. 1.]
 [1. 1. 1.]]
```

In the goal state:
```
[[0. 0. 1.]
 [0. 0. 1.]
 [1. 1. 1.]]
```

Looking at the differences:
- The bottom row (row 2) is the same in both states: [1. 1. 1.]
- In the middle row (row 1), the start has [0. 1. 1.] while the goal has [0. 0. 1.]
- In the top row (row 0), the start has [0. 0. 0.] while the goal has [0. 0. 1.]

I need to move one block from position (1, 1) to position (0, 2).

The move would be:
move 1 1 0 2"
39, , ,"I don't need to make any moves here, as the start state and goal state are identical. Both show a configuration with blocks in positions (2,0), (2,1), (2,2), (1,1), and (1,2).

 "
40,"move(r1, c2, r2, c0)","move(r1, c2, r0, c1)","I'll analyze the current state and the goal state to determine the best move.

Current state:
```
[0. 0. 0.]
[0. 1. 1.]
[1. 1. 1.]
```

Goal state:
```
[0. 1. 0.]
[0. 1. 0.]
[1. 1. 1.]
```

Looking at these states:
1. The bottom row is the same in both states
2. In the middle row, the current state has blocks at positions (1,1) and (1,2), while the goal has only (1,1)
3. In the top row, the current state has no blocks, while the goal has a block at (0,1)

I need to move one block from position (1,2) to position (0,1).

Since position (1,2) has a block that can be moved (it has an empty space above it), and (0,1) is currently empty, this is a valid move.

move 1 2 0 1"
41,"move(r1, c1, r2, c0)","move(r1, c1, r1, c0)","I need to move a block from the start state to reach the goal state.

Looking at the start state:
```
[0. 0. 0.]
[0. 1. 1.]
[1. 1. 1.]
```

Looking at the goal state:
```
[0. 0. 1.]
[1. 0. 1.]
[1. 0. 1.]
```

Comparing them, I notice:
- In the start state, there's a block at middle column, middle row (1,1) that isn't in the goal state
- In the start state, there's a block at middle column, bottom row (2,1) that isn't in the goal state
- The goal state has a block at left column, middle row (1,0) that isn't in the start state

Since I can only move blocks with empty space above them, I can move the block at position (1,1) to position (1,0).

Therefore, the best move is:
move 1 1 1 0"
42,"move(r1, c1, r2, c0)","move(r1, c1, r1, c0)","I need to transform the start state to match the goal state.

Looking at the start state:
```
[0. 0. 0.]
[0. 1. 1.]
[1. 1. 1.]
```

And the goal state:
```
[0. 0. 0.]
[1. 0. 1.]
[1. 1. 1.]
```

Comparing them:
- The bottom row is the same in both states: [1. 1. 1.]
- In the middle row, start has [0. 1. 1.] but goal has [1. 0. 1.]
- The top row is the same in both states: [0. 0. 0.]

We need to move the block at (1, 1) to (1, 0). This is possible because both positions are in the middle row and there's a 0 above both positions.

The answer is:
move 1 1 1 0"
43,"move(r1, c2, r2, c0)","move(r1, c2, r1, c0)","I need to analyze the start and goal configurations to determine the best move.

Start state:
```
[0. 0. 0.]
[0. 1. 1.]
[1. 1. 1.]
```

Goal state:
```
[0. 0. 0.]
[1. 1. 0.]
[1. 1. 1.]
```

Comparing them:
- In the start state, there's a block at row 1, column 2 (middle row, right position)
- In the goal state, there's no block at that position
- In the start state, there's no block at row 1, column 0 (middle row, left position)
- In the goal state, there is a block at that position

I need to move the block from (1,2) to (1,0). This is valid because both positions have empty spaces above them.

move 1 2 1 0"
44,"move(r1, c1, r2, c0)","move(r2, c2, r0, c1)","I need to analyze the start and goal configurations to determine the best move.

Starting state:
```
[0. 0. 0.]
[0. 1. 1.]
[1. 1. 1.]
```

Goal state:
```
[0. 1. 0.]
[1. 1. 0.]
[1. 1. 0.]
```

Looking at the differences:
- In the top row: Goal has a block at (0,1) that's not in the start state
- In the middle row: Goal has a block at (1,0) that's not in the start state
- In the bottom row: Goal is missing blocks at (2,2) that are in the start state

Since I can only move blocks with empty space above them, I need to move one block at a time.

I can move the block at (2,2) since it has an empty space above it.
Looking at the goal state, I need a block at (0,1), so I should move this block there.

Therefore, the best move is:
move 2 2 0 1"
45,"move(r1, c1, r2, c0)","move(r1, c1, r0, c0)","I need to find the next best move to transform the start state into the goal state. Let me analyze both configurations:

Start state:
```
[0. 0. 0.]
[0. 1. 1.]
[1. 1. 1.]
```

Goal state:
```
[1. 0. 0.]
[1. 0. 1.]
[1. 0. 1.]
```

Looking at the differences, I need to:
1. Move blocks to build a stack in column 0
2. Remove blocks from column 1
3. Keep some blocks in column 2

Since I can only move blocks that have empty space above them, I'll check which blocks can be moved now:
- The blocks at (1,1), (1,2), (2,0), (2,1), and (2,2) all have empty space above them.

Looking at the goal state, I need to build a stack in column 0. Currently there's only one block in column 0, but I need three. One good move would be to move a block from column 1 (which needs to be empty eventually) to column 0.

I can move the block at (1,1) to (0,0), which helps create the stack needed in column 0.

move 1 1 0 0"
46,"move(r1, c1, r2, c0)","move(r1, c1, r0, c0)","I'll analyze the current and goal states to determine the best move.

Current state:
```
[[0. 0. 0.]
 [0. 1. 1.]
 [1. 1. 1.]]
```

Goal state:
```
[[1. 0. 0.]
 [1. 0. 0.]
 [1. 1. 1.]]
```

Looking at the differences, I need to:
1. Move a block to position (0,0)
2. Move a block to position (1,0)
3. Remove blocks from positions (1,1) and (1,2)

Since I can only move blocks with empty space above them, I'll move one of the blocks in the middle row to the top-left position.

The best move is:
move 1 1 0 0"
47,"move(r1, c2, r2, c0)","move(r2, c2, r0, c0)","I need to determine the best move to transform the start state into the goal state.

Start state:
```
[[0. 0. 0.]
 [0. 1. 1.]
 [1. 1. 1.]]
```

Goal state:
```
[[1. 0. 0.]
 [1. 1. 0.]
 [1. 1. 0.]]
```

Looking at the differences:
- The block at (2, 2) in the start state needs to be removed
- The block at (0, 0) in the goal state needs to be added

I notice that in the start state, there is a block at (2, 2) (bottom right) that can be moved because there's a 0 above it at (1, 2), and then another 0 above that at (0, 2). Since there's no block at (2, 2) in the goal state, this block needs to be moved.

Looking at the goal state, I need a block at (0, 0) that isn't in the start state. So I should move the block from (2, 2) to (0, 0).

move 2 2 0 0"
48,"move(r0, c0, r1, c2)", ,"I need to determine the next best move to transform the start state into the goal state.

Start state:
```
[0. 1. 0.]
[0. 1. 0.]
[1. 1. 1.]
```

Goal state:
```
[0. 0. 1.]
[0. 1. 1.]
[0. 1. 1.]
```

Looking at these states:
- The block at (2,0) in the start state (bottom left) needs to be removed
- The block at (0,1) in the start state (top middle) needs to be removed
- The block at (0,2) in the goal state (top right) needs to be added

Since I can only move blocks that have nothing above them, I can move either:
- The block at (0,1) - top middle
- The block at (2,0) - bottom left (because there's nothing above it)

Looking at the goal state, I need a block at (0,2) which isn't present in the start state. The most logical move is to move a block to that position.

Therefore:
move 0 1 0 2

This moves the block from the top middle to the top right, which matches part of the goal state configuration."
49,"move(r0, c0, r1, c2)","move(r2, c0, r1, c2)","In the start state, I see blocks at positions (0,1), (1,1), (2,0), (2,1), and (2,2).

In the goal state, I need blocks at positions (0,1), (1,1), (1,2), (2,1), and (2,2).

Comparing these states:
- Position (2,0) has a block in the start state but not in the goal state
- Position (1,2) has a block in the goal state but not in the start state

Looking at the rules, I can move a block if there's a 0 directly above it. The block at (2,0) has nothing above it (position (1,0) is empty), so I can move it. I need to move it to position (1,2), which is currently empty.

Therefore, the next best move is:
move 2 0 1 2"
50,"move(r2, c1, r1, c2)","move(r1, c1, r1, c2)","I need to transform the start state to the end state by moving blocks.

Starting state:
```
[[0. 1. 0.]
 [0. 1. 0.]
 [1. 1. 1.]]
```

Goal state:
```
[[0. 0. 1.]
 [0. 0. 1.]
 [1. 1. 1.]]
```

Comparing them, I can see that:
- The bottom row stays the same with [1. 1. 1.]
- In the middle row, I need to move the block from column 1 to column 2
- In the top row, I need to move the block from column 1 to column 2

Looking at the current state, I notice the block at (1, 1) can be moved because there's a 0 above it. I need to move blocks one at a time.

The best move is to start by moving the block at position (1, 1) to position (1, 2):

move 1 1 1 2"
51,"move(r2, c1, r1, c2)","move(r0, c1, r1, c2)","In the start state, I have:
```
[[0. 1. 0.]
 [0. 1. 0.]
 [1. 1. 1.]]
```

And need to reach:
```
[[0. 0. 0.]
 [0. 1. 1.]
 [1. 1. 1.]]
```

Looking at the differences:
- The block at (0,1) in the start state needs to be removed
- The block at (1,1) in the start state stays where it is
- A new block needs to appear at (1,2) in the goal state

I can move the block at (0,1) since there's an empty space above it. Looking at the goal state, I need to move it to position (1,2).

Therefore, my move is:
move 0 1 1 2"
52, , ,"I need to compare the start and goal states to determine what move to make.

Looking at both configurations, I can see they are identical:

Start state:
```
[[0. 1. 0.]
 [0. 1. 0.]
 [1. 1. 1.]]
```

Goal state:
```
[[0. 1. 0.]
 [0. 1. 0.]
 [1. 1. 1.]]
```

Since the start and goal states are already the same, no move is needed.

Therefore, my answer is: ' '"
53,"move(r2, c1, r2, c0)","move(r1, c1, r1, c0)","I need to transform the start state to match the goal state.

Starting state:
```
[[0. 1. 0.]
 [0. 1. 0.]
 [1. 1. 1.]]
```

Goal state:
```
[[0. 0. 1.]
 [1. 0. 1.]
 [1. 0. 1.]]
```

Analyzing the differences:
- Bottom row (r=2): Current has [1,1,1], Goal has [1,0,1]
- Middle row (r=1): Current has [0,1,0], Goal has [1,0,1]
- Top row (r=0): Current has [0,1,0], Goal has [0,0,1]

I notice the middle column (c=1) needs to be emptied completely, and I need to move blocks to different positions.

Looking at available moves according to the rules:
- I can move blocks that have a 0 above them
- In the start state, the block at (2,0), (2,1), and (2,2) all have nothing or 0 above them

The most important step is to start removing blocks from column 1 since they don't belong in the goal state.

I'll move the block at position (1,1) to position (1,0) since it has a 0 above it and we need a block at (1,0) in the goal state.

move 1 1 1 0"
54,"move(r2, c1, r2, c0)","move(r0, c1, r1, c0)","The current state has blocks at positions (0,1), (1,1), (2,0), (2,1), and (2,2).
The goal state has blocks at positions (1,0), (1,2), (2,0), (2,1), and (2,2).

Looking at the differences:
- We need to remove the block at (0,1)
- We need to remove the block at (1,1)
- We need to add a block at (1,0)
- We need to add a block at (1,2)

Since we can only move blocks that have empty space above them, I need to check which moves are valid:
- The block at (0,1) can be moved since it's at the top
- The block at (1,1) cannot be moved directly because there's a block above it

The best move would be to move the block at (0,1) to either (1,0) or (1,2). Since both are valid and get us closer to the goal, I'll choose (1,0):

move 0 1 1 0"
55,"move(r2, c1, r2, c0)","move(r0, c1, r1, c0)","I need to analyze how to move from the start state to the goal state.

Start state:
```
[0. 1. 0.]
[0. 1. 0.]
[1. 1. 1.]
```

Goal state:
```
[0. 0. 0.]
[1. 1. 0.]
[1. 1. 1.]
```

Looking at the differences:
- The block at (0,1) in the start state needs to be moved to (1,0) in the goal state
- The block at (1,1) needs to stay in the same position

I need to move the block at the top-middle position (0,1) to the middle-left position (1,0).

Since there's a 0 above the block at (0,1), I can move it. The position (1,0) is currently empty.

Therefore, the next best move is:
move 0 1 1 0"
56,"move(r0, c2, r1, c0)", ,"I need to transform the start state to the end state by moving blocks according to the rules.

Start state:
```
[[0. 1. 0.]
 [0. 1. 0.]
 [1. 1. 1.]]
```

End state:
```
[[0. 1. 0.]
 [1. 1. 0.]
 [1. 1. 0.]]
```

Comparing the two states:
- In row 0 (top): Both have [0, 1, 0]
- In row 1 (middle): Start has [0, 1, 0], end has [1, 1, 0]
- In row 2 (bottom): Start has [1, 1, 1], end has [1, 1, 0]

I need to move the block from position (2, 2) to position (1, 0).

So the move is: move 2 2 1 0"
57,"move(r2, c1, r2, c0)","move(r1, c1, r0, c0)","I need to transform the start state to the end state by moving one block at a time.

Start state:
```
[[0. 1. 0.]
 [0. 1. 0.]
 [1. 1. 1.]]
```

End state:
```
[[1. 0. 0.]
 [1. 0. 1.]
 [1. 0. 1.]]
```

Comparing the states:
- Column 0: Start has [0,0,1], End has [1,1,1] - need to add blocks in top two positions
- Column 1: Start has [1,1,1], End has [0,0,0] - need to remove all blocks
- Column 2: Start has [0,0,1], End has [0,1,1] - need to add a block in middle row

Looking at the rules, I can only move blocks that have empty space above them. In the start state, the blocks at (2,0), (2,1), and (2,2) have blocks above them or are at the top already, so I can't move those directly.

The block at (1,1) has an empty space above it, so I can move it. Looking at the goal state, we need to add blocks to column 0, so the best move would be:

move 1 1 0 0"
58,"move(r2, c1, r2, c0)", ,"I need to transform the start state to the goal state by moving one block at a time.

Starting configuration:
```
[0 1 0]
[0 1 0]
[1 1 1]
```

Goal configuration:
```
[1 0 0]
[1 0 0]
[1 1 1]
```

Looking at the differences:
- We need to move a block from middle column to leftmost column (top two rows)
- The bottom row is already correct

I'll check which blocks can be moved according to the rules:
- A block must have a 0 directly above it to be moved
- Only blocks in the middle column (index 1) have 0s above them

Looking at the top two rows in the middle column, I see I need to move one of them to the left column. Since we can only move one block at a time, let's move the top block first:

move 0 1 0 0

This will move the block at row 0, column 1 to row 0, column 0, which starts transforming the state toward our goal."
59,"move(r2, c1, r2, c0)","move(r2, c0, r0, c0)","I need to find the best move to transform the start state into the goal state. Let me analyze both states:

Start state:
```
[0. 1. 0.]  (row 0)
[0. 1. 0.]  (row 1)
[1. 1. 1.]  (row 2)
```

Goal state:
```
[1. 0. 0.]  (row 0)
[1. 1. 0.]  (row 1)
[1. 1. 0.]  (row 2)
```

Comparing the two:
- In the goal state, we need blocks at (0,0), (1,0), (1,1), (2,0), and (2,1)
- We currently have blocks at (0,1), (1,1), (2,0), (2,1), and (2,2)

The differences are:
1. We need to remove the block at (0,1)
2. We need to remove the block at (2,2)
3. We need to add a block at (0,0)

Since we can only move one block at a time, let's look at which block we can move now. Only blocks with a 0 above them can be moved. In the start state:
- The block at (2,0) has (1,0) empty above it
- The block at (2,1) has nothing empty above it
- The block at (2,2) has (1,2) empty above it
- The block at (1,1) has (0,1) occupied above it
- The block at (0,1) has no space above it (top row)

Looking at our goals, we need a block at (0,0). We can move the block from (2,0) to (0,0) since there's a clear path.

move 2 0 0 0"
60,"move(r1, c0, r0, c1)","move(r1, c0, r1, c1)","I need to analyze the start and goal states to find the optimal move.

Start state:
```
[[0. 0. 1.]
 [1. 0. 1.]
 [1. 0. 1.]]
```

Goal state:
```
[[0. 0. 1.]
 [0. 1. 1.]
 [0. 1. 1.]]
```

Comparing them, I can see:
- The rightmost column (c=2) is identical in both states
- In the start state, column 0 has blocks at row 1 and 2
- In the goal state, column 0 has no blocks
- In the start state, column 1 has no blocks
- In the goal state, column 1 has blocks at row 1 and 2

I need to move a block from column 0 to column 1, and the block at row 1, column 0 can be moved since there's a 0 above it.

move 1 0 1 1"
61,"move(r1, c0, r0, c1)","move(r1, c0, r0, c1)","I need to transform the start state to the goal state by moving blocks according to the rules.

Start state:
```
[[0. 0. 1.]
 [1. 0. 1.]
 [1. 0. 1.]]
```

Goal state:
```
[[0. 1. 0.]
 [0. 1. 1.]
 [0. 1. 1.]]
```

Looking at the differences:
- The start has blocks at (0,2), (1,0), (1,2), (2,0), (2,2)
- The goal has blocks at (0,1), (1,1), (1,2), (2,1), (2,2)

I see I need to move blocks to the middle column. I can only move blocks that have no block above them.

The block at (1,0) has a block above at (0,0), so I can't move it yet. But there's no block at (0,0) - I misread. So the block at (1,0) can be moved.

Since there's a 0 above the block at (1,0), I can move it. Looking at the goal state, I need blocks in the middle column.

Therefore, I should move the block from (1,0) to (0,1):

move 1 0 0 1"
62,"move(r1, c0, r0, c1)","move(r1, c0, r2, c1)","Looking at the start state:
```
[[0. 0. 1.]
 [1. 0. 1.]
 [1. 0. 1.]]
```

And the goal state:
```
[[0. 0. 1.]
 [0. 0. 1.]
 [1. 1. 1.]]
```

I need to move the block at position (1,0) to position (2,1).

According to the rules, I can only move a block if there's a 0 directly above it, which is true for the block at (1,0).

Therefore, the move is:
move 1 0 2 1"
63,"move(r1, c0, r0, c1)","move(r0, c2, r1, c1)","I need to transform the start state to the end state following the rules.

Start state:
```
[[0. 0. 1.]
 [1. 0. 1.]
 [1. 0. 1.]]
```

End state:
```
[[0. 0. 0.]
 [0. 1. 1.]
 [1. 1. 1.]]
```

Looking at the differences:
- In the start state, we have a block at (0,2) that needs to be removed
- We need to add a block at (1,1) that isn't in the start state

Since we can only move a block if there's a 0 above it, I can move the block at (0,2) to (1,1).
The block at (0,2) has nothing above it (it's in the top row) so it can be moved.

The move would be from position (0,2) to position (1,1):

move 0 2 1 1"
64,"move(r2, c2, r2, c1)","move(r1, c0, r0, c1)","I need to determine the best move to transform the start state into the goal state.

Start state:
```
[[0. 0. 1.]
 [1. 0. 1.]
 [1. 0. 1.]]
```

Goal state:
```
[[0. 1. 0.]
 [0. 1. 0.]
 [1. 1. 1.]]
```

Looking at the differences:
- We need a block at (0,1) which isn't there currently
- The block at (0,2) needs to be moved
- We need a block at (1,1) which isn't there currently
- The block at (1,0) needs to be moved
- The block at (1,2) needs to be moved
- We need a block at (2,1) which isn't there currently

I can only move blocks with nothing above them. From the start state, I can move:
- The block at (0,2) - top right
- The block at (1,0) - middle left

The most efficient move is to place a block in column 1, which is currently empty. Since I can only move blocks with nothing above them, I'll move the block at (1,0) to (0,1).

move 1 0 0 1"
65, , ,"No move is needed, as the start and goal configurations are identical.

 "
66,"move(r2, c2, r0, c1)","move(r0, c2, r2, c1)","I need to analyze the start and goal states to find the best move.

Start state:
```
[[0. 0. 1.]
 [1. 0. 1.]
 [1. 0. 1.]]
```

Goal state:
```
[[0. 0. 0.]
 [1. 0. 1.]
 [1. 1. 1.]]
```

Comparing the two states:
- The goal has no block in top right (0,2) where the start has one
- The goal has a block in bottom middle (2,1) where the start has none

Looking at the top right block at (0,2) in the start state - it has nothing above it (it's at the top row), so it can be moved.

According to the rules, I can move this block to the empty space at (2,1) to match the goal state.

move 0 2 2 1"
67,"move(r2, c2, r1, c1)","move(r0, c2, r1, c1)","I need to compare the start and goal states to find the best move.

Start state:
```
[0. 0. 1.]  (row 0)
[1. 0. 1.]  (row 1)
[1. 0. 1.]  (row 2)
```

Goal state:
```
[0. 0. 0.]  (row 0)
[1. 1. 0.]  (row 1)
[1. 1. 1.]  (row 2)
```

Looking at the differences:
- We need to move the block at (0,2) somewhere else
- We need to add a block at (1,1)
- We need to remove a block at (1,2)

Since we can only move blocks with nothing above them, the block at (0,2) is movable. This block needs to be moved, and we need a block at (1,1).

The best move is to move the block from (0,2) to (1,1):

move 0 2 1 1"
68,"move(r2, c2, r2, c1)","move(r0, c2, r0, c1)","To determine the best move, I need to compare the starting state and goal state to identify what changes are needed.

Starting state:
```
[[0. 0. 1.]
 [1. 0. 1.]
 [1. 0. 1.]]
```

Goal state:
```
[[0. 1. 0.]
 [1. 1. 0.]
 [1. 1. 0.]]
```

Analyzing the differences:
- In the starting state, column 2 has blocks in all three positions, while in the goal they should be in column 1
- The top block in column 2 (at position [0,2]) needs to move to position [0,1]

I can move the top block in column 2 because it has empty space above it. So I'll move it from (0,2) to (0,1).

move 0 2 0 1"
69,"move(r2, c2, r2, c0)","move(r0, c2, r0, c0)","I need to analyze the current state and the goal state to determine the best move.

Current state:
```
[0. 0. 1.]
[1. 0. 1.]
[1. 0. 1.]
```

Goal state:
```
[1. 0. 0.]
[1. 0. 1.]
[1. 0. 1.]
```

The difference is:
- Current: Top-right has a block (0,2)
- Goal: Top-left has a block (0,0)

Since the top-left position is empty in the current state and there's a block at top-right that needs to be moved, I need to move the block from position (0,2) to position (0,0).

move 0 2 0 0"
70,"move(r2, c2, r2, c0)","move(r0, c2, r0, c0)","I need to move the blocks from the current state to match the goal state. Let me analyze:

Current state:
```
[[0. 0. 1.]
 [1. 0. 1.]
 [1. 0. 1.]]
```

Goal state:
```
[[1. 0. 0.]
 [1. 0. 0.]
 [1. 1. 1.]]
```

I notice the right column (column 2) has blocks in all three positions in the current state, but in the goal state it only has a block in the bottom position. I should move one of those blocks.

The top block in column 2 (at position (0,2)) can be moved since there's nothing above it. I need to move it to position (0,0) to match the goal state.

move 0 2 0 0"
71,"move(r2, c2, r0, c1)","move(r0, c2, r0, c0)","I need to identify the best move from the start configuration to reach the goal configuration.

Starting state:
```
[[0. 0. 1.]
 [1. 0. 1.]
 [1. 0. 1.]]
```

Goal state:
```
[[1. 0. 0.]
 [1. 1. 0.]
 [1. 1. 0.]]
```

Looking at the two configurations:
- In the start state, we have blocks at (0,2), (1,0), (1,2), (2,0), and (2,2)
- In the goal state, we have blocks at (0,0), (1,0), (1,1), (2,0), and (2,1)

The most immediate difference is that the rightmost column (2) has blocks in the start state but should be empty in the goal state. Also, the middle column (1) is empty in the start state but should have blocks in positions (1,1) and (2,1).

Looking at what moves are possible according to the rules:
- The block at (0,2) can be moved because it has nothing above it
- The block at (1,0) can't be moved because there's a block above it
- The block at (1,2) can't be moved because there's a block above it
- The block at (2,0) can't be moved because there's a block above it
- The block at (2,2) can't be moved because there's a block above it

So, I can only move the block at (0,2). Looking at the goal state, I see I need blocks in column 1, so I'll move this block there.

move 0 2 0 1

Wait, I need to reconsider. Let me verify if this is the optimal move:
- Moving (0,2) to (0,1) doesn't align with the goal state, which has (0,0) as a block
- I need to move blocks from column 2 to column 1, and I need to remove a block from column 2 top position

Since I can only move the block at (0,2), and the goal state doesn't have any blocks in position (0,1), I should move it to position (0,0):

move 0 2 0 0"
72,"move(r1, c0, r1, c1)","move(r1, c2, r0, c2)","To determine the best move, I need to compare the current state and the goal state.

Current state:
```
[[0. 0. 0.]
 [1. 0. 1.]
 [1. 1. 1.]]
```

Goal state:
```
[[0. 0. 1.]
 [0. 1. 1.]
 [0. 1. 1.]]
```

Looking at the differences:
- In the current state, there's a block at (1,0) that's not in the goal state
- In the goal state, there's a block at (0,2) that's not in the current state

Since we can only move blocks upward if there's a 0 above, I can move the block at (1,2) up to (0,2).

move 1 2 0 2"
73,"move(r1, c0, r1, c1)","move(r1, c0, r0, c1)","I need to analyze the current state and the goal state to determine the best move.

Current state:
```
[0. 0. 0.]
[1. 0. 1.]
[1. 1. 1.]
```

Goal state:
```
[0. 1. 0.]
[0. 1. 1.]
[0. 1. 1.]
```

Looking at the differences:
- The bottom left block (2,0) needs to be removed
- The middle left block (1,0) needs to be removed
- The bottom middle block (2,1) stays
- The middle column needs blocks in all positions
- The right column keeps its blocks in positions (1,2) and (2,2)

Since I can only move blocks that have empty space above them, I can move:
- Block at (1,0)  has empty space above
- Block at (1,2)  has empty space above
- Block at (2,1)  has empty space above

Looking at the goal state, I need to add a block to the top middle (0,1). The most direct move would be to move a block there.

move 1 0 0 1

This means moving the block from position (row=1, column=0) to position (row=0, column=1)."
74,"move(r1, c0, r1, c1)","move(r1, c0, r0, c2)","I need to compare the start state and goal state to identify the best move.

Start state:
```
[0. 0. 0.]
[1. 0. 1.]
[1. 1. 1.]
```

Goal state:
```
[0. 0. 1.]
[0. 0. 1.]
[1. 1. 1.]
```

Comparing these states:
- Bottom row [1. 1. 1.] is the same in both
- Middle row needs to change from [1. 0. 1.] to [0. 0. 1.]
- Top row needs to change from [0. 0. 0.] to [0. 0. 1.]

I see the left block in the middle row (position 1,0) needs to be removed, and a block needs to be added to the top-right position (0,2).

According to the rules, I can only move a block if there's empty space above it. The block at (1,0) has empty space above it, and I need to move it to (0,2).

move 1 0 0 2"
75,"move(r1, c0, r1, c1)","move(r1, c0, r1, c1)","I need to transform the start state to the end state with legal moves.

Start state:
```
[[0. 0. 0.]
 [1. 0. 1.]
 [1. 1. 1.]]
```

End state:
```
[[0. 0. 0.]
 [0. 1. 1.]
 [1. 1. 1.]]
```

Comparing the two states, I see the difference is at position (1,0) - it's a 1 in the start state and a 0 in the end state, and position (1,1) - it's a 0 in the start state and a 1 in the end state.

Since there's a 0 above the block at (1,0), I can move it. According to the rules, I need to move this block to position (1,1).

move 1 0 1 1"
76,"move(r0, c1, r2, c1)","move(r1, c0, r0, c1)","I need to analyze this block-stacking task and find the best move to transform the start state into the goal state.

Start state:
```
[0. 0. 0.]
[1. 0. 1.]
[1. 1. 1.]
```

Goal state:
```
[0. 1. 0.]
[0. 1. 0.]
[1. 1. 1.]
```

Looking at the differences:
- In the start state: blocks at (1,0) and (1,2)
- In the goal state: blocks at (0,1) and (1,1)

The bottom row remains the same in both states.

I need to move a block to (0,1), and a block must have an empty space above it to be moved.

Looking at the available moves:
- The block at (1,0) can be moved (has empty space above)
- The block at (1,1) doesn't exist in the start state
- The block at (1,2) can be moved (has empty space above)

The most direct move would be to move the block at (1,0) to position (0,1).

move 1 0 0 1"
77,"move(r0, c1, r2, c2)","move(r2, c1, r0, c2)","I need to determine the best move to reach the goal state from the current state.

Current state:
```
[[0. 0. 0.]
 [1. 0. 1.]
 [1. 1. 1.]]
```

Goal state:
```
[[0. 0. 1.]
 [1. 0. 1.]
 [1. 0. 1.]]
```

Comparing the states:
1. The top right position (0,2) has 0 in current state, but needs 1 in goal state
2. The middle center position (1,1) has 0 in both states (no change needed)
3. The bottom center position (2,1) has 1 in current state, but needs 0 in goal state

I need to move a block from the bottom center (2,1) to the top right (0,2).
This is legal because there is a 0 directly above position (2,1), allowing the block to be moved.

move 2 1 0 2"
78, , ,"The start state and goal state are exactly the same, so no moves are needed.

 "
79,"move(r1, c2, r2, c0)","move(r1, c2, r1, c1)","I need to transform the start state to the end state by moving blocks according to the rules.

Starting state:
```
[0. 0. 0.]
[1. 0. 1.]
[1. 1. 1.]
```

Goal state:
```
[0. 0. 0.]
[1. 1. 0.]
[1. 1. 1.]
```

Analyzing the differences:
- In the start state, we have a block at (1,2) that's not in the goal
- In the goal state, we have a block at (1,1) that's not in the start

Since we can only move blocks that have empty space above them, I can move a block from position (1,2) to (1,1).

The move would be from row 1, column 2 to row 1, column 1.

move 1 2 1 1"
80,"move(r1, c2, r2, c0)","move(r1, c2, r0, c1)","The starting state has 3 blocks on the bottom row and 2 blocks in the middle row, while the goal state has 2 blocks on the bottom row, 2 blocks in the middle row, and 1 block in the top row.

I need to move a block that has a 0 above it to reach the goal state.

Looking at the starting state:
- The block at (1,0) has a 0 above it at (0,0)
- The block at (1,2) has a 0 above it at (0,2)
- The blocks in the bottom row all have blocks above them, so they can't be moved directly

Comparing with the goal state, I need to:
1. Move a block to position (0,1) which is currently empty
2. Remove blocks from positions (1,2) and (2,2)

The best move is to take the block at (1,2) and move it to (0,1):

move 1 2 0 1"
81,"move(r0, c1, r2, c0)","move(r2, c1, r0, c0)","I need to look at the current state and the goal state to determine the best move.

In the current state:
```
[0. 0. 0.]
[1. 0. 1.]
[1. 1. 1.]
```

In the goal state:
```
[1. 0. 0.]
[1. 0. 1.]
[1. 0. 1.]
```

Analyzing the differences:
1. The bottom row in current state has [1. 1. 1.] but goal has [1. 0. 1.]
2. The middle row matches already [1. 0. 1.]
3. The top row in current has [0. 0. 0.] but goal has [1. 0. 0.]

I need to move a block from position (2, 1) to position (0, 0) to make progress toward the goal.

This move is valid because:
- The block at (2, 1) has nothing above it (position (1, 1) is empty)
- The destination (0, 0) is currently empty

move 2 1 0 0"
82,"move(r0, c1, r2, c0)","move(r1, c2, r0, c0)","I'll analyze this block-stacking problem:

Starting state:
```
[0. 0. 0.]  (top row)
[1. 0. 1.]
[1. 1. 1.]  (bottom row)
```

Goal state:
```
[1. 0. 0.]  (top row)
[1. 0. 0.]
[1. 1. 1.]  (bottom row)
```

I need to determine the next best move to reach the goal state. Looking at the differences:
- The goal has a block in the top-left position (0,0) which is currently empty
- The goal doesn't have a block in the middle-right position (1,2) which currently has one

Since I can only move blocks with nothing above them, I can move the block at (1,2) to (0,0).

move 1 2 0 0"
83,"move(r1, c0, r1, c1)","move(r1, c2, r0, c0)","I need to analyze the start and goal states to determine the best move.

Start state:
```
[0. 0. 0.]
[1. 0. 1.]
[1. 1. 1.]
```

Goal state:
```
[1. 0. 0.]
[1. 1. 0.]
[1. 1. 0.]
```

Comparing the states:
- In the start state, there's a block at (1,2) that's not in the goal state
- In the goal state, there's a block at (0,0) that's not in the start state

I need to move a block from (1,2) to (0,0), which is a legal move since there's a 0 above position (1,2).

Therefore, the next best move is:
move 1 2 0 0"
84,"move(r1, c0, r1, c2)","move(r1, c0, r0, c2)","I need to figure out the best move to transform the start state into the goal state.

Start state:
```
[[0. 0. 0.]
 [1. 1. 0.]
 [1. 1. 1.]]
```

Goal state:
```
[[0. 0. 1.]
 [0. 1. 1.]
 [0. 1. 1.]]
```

Analyzing the differences:
- The block at (2,0) needs to be removed
- The block at (1,0) needs to be removed
- The block at (0,2) needs to be added

Looking at my options, I can see that the block at (1,0) has a 0 above it, so I can move it. The goal state has a block at (0,2), so I'll move the block from (1,0) to (0,2).

move 1 0 0 2"
85,"move(r1, c0, r1, c2)","move(r1, c0, r0, c1)","I need to transform the start state into the end state by moving blocks according to the rules.

Start state:
```
[0 0 0]
[1 1 0]
[1 1 1]
```

End state:
```
[0 1 0]
[0 1 1]
[0 1 1]
```

Looking at both states, I need to:
1. Move blocks from positions (1,0) and (2,0) away
2. Add a block at position (0,1)
3. Add a block at position (2,2) - but there's already one there

Since I can only move blocks that have empty space above them, let me analyze which blocks I can move:
- The block at (1,0) has no block above it, so it can be moved
- The block at (1,1) has no block above it, so it can be moved
- The block at (2,0), (2,1), and (2,2) all have blocks above them, so they cannot be moved yet

Looking at the end state, I notice I need a block at (0,1). I can move the block from (1,0) to (0,1).

move 1 0 0 1"
86,"move(r1, c0, r1, c2)", ,"I'll solve this block-stacking task by identifying the difference between the start and goal states.

Start state:
```
[[0. 0. 0.]
 [1. 1. 0.]
 [1. 1. 1.]]
```

Goal state:
```
[[0. 0. 1.]
 [0. 0. 1.]
 [1. 1. 1.]]
```

Comparing these states:
- The bottom row is the same [1. 1. 1.]
- In the middle row, the start has [1. 1. 0.] while the goal has [0. 0. 1.]
- In the top row, the start has [0. 0. 0.] while the goal has [0. 0. 1.]

I need to move blocks from the left and middle of the middle row to create a stack in the right column.

Looking at the rules, I can move the block at (1,0) because there's a 0 above it at (0,0).

The best move is:
move 1 0 0 2

This will move the block from the middle row, left column to the top row, right column."
87,"move(r1, c0, r1, c2)","move(r1, c0, r0, c0)","I need to compare the start and goal states to determine the best move.

In the start state:
- Top row (row 0): [0, 0, 0]
- Middle row (row 1): [1, 1, 0]
- Bottom row (row 2): [1, 1, 1]

In the goal state:
- Top row (row 0): [0, 0, 0]
- Middle row (row 1): [0, 1, 1]
- Bottom row (row 2): [1, 1, 1]

The difference is that in the start state, there's a block at position (1,0) that isn't present in the goal state.

According to the rules, I can only move a block if there's a 0 directly above it. The block at (1,0) has a 0 above it at (0,0), so it can be moved.

Since this block doesn't appear in the goal state at all, I need to remove it. Since blocks can only be moved (not removed), the only valid move would be to move this block to the empty space at (1,2).

move 1 0 1 2

However, looking more carefully at the goal state, there's no block at (1,2) either. The goal state has blocks at (1,1) and (1,2) in the middle row. Since the start state already has blocks at (1,1) and also doesn't have a block at (1,2), this doesn't seem right.

Let me recheck the start and goal states. It seems the only difference is that the block at (1,0) in the start state is not present in the goal state. Since we can only move blocks (not remove them), this doesn't seem achievable in one move.

However, since I must provide a move that makes progress toward the goal, I'll move the block at (1,0) to an empty space:

move 1 0 0 0"
88,"move(r0, c2, r2, c1)","move(r1, c0, r0, c1)","I need to transform the start state into the end state. Let me analyze:

Start state:
```
[0. 0. 0.]  (row 0)
[1. 1. 0.]  (row 1)
[1. 1. 1.]  (row 2)
```

End state:
```
[0. 1. 0.]  (row 0)
[0. 1. 0.]  (row 1)
[1. 1. 1.]  (row 2)
```

Differences:
- In start, position (1,0) has a block, but in end it should be empty
- In start, position (0,1) is empty, but in end it should have a block

I need to move the block at (1,0) to (0,1), which is allowed since there's nothing above (1,0).

move 1 0 0 1"
89,"move(r1, c1, r1, c2)","move(r1, c1, r0, c2)","I need to find a valid move to transform the start state into the end state.

Start state:
```
[[0. 0. 0.]
 [1. 1. 0.]
 [1. 1. 1.]]
```

Goal state:
```
[[0. 0. 1.]
 [1. 0. 1.]
 [1. 0. 1.]]
```

Looking at the differences:
- There's now a block at position (0,2) in the goal state
- The blocks at (1,1) and (2,1) in the start state are gone in the goal state

Since I can only move one block at a time, and can only move a block if there's nothing above it, let me check which blocks I can move:
- The blocks at (1,0), (1,1), and (2,2) can be moved since they have 0s above them

Looking at the goal state, I need to move a block to (0,2). The most direct approach would be to move a block there directly.

Looking at the possible moves, I can move the block at (1,1) to (0,2).

Therefore, the next best move is:

move 1 1 0 2"
90,"move(r1, c1, r1, c2)","move(r1, c1, r0, c1)","I need to compare the start and goal states to determine what move is needed.

Starting state:
```
[[0. 0. 0.]
 [1. 1. 0.]
 [1. 1. 1.]]
```

Goal state:
```
[[0. 0. 0.]
 [1. 0. 1.]
 [1. 1. 1.]]
```

Looking at the differences, I can see that in the middle row (row 1), the block at column 1 in the start state should be removed in the goal state.

Since there's a 0 above this block (at row 0, column 1), we can move it according to the rules.

However, looking at the goal state, this block doesn't appear elsewhere - it's just removed. According to the rules, we can only move blocks, not remove them. After moving, the old position becomes 0 and the new position becomes 1.

Since I can only move blocks and not remove them, and there's no place in the goal state where this block should be moved to, this seems to be an invalid operation.

I'll check if I misunderstood something... The block at (1,1) needs to be removed, but the rules state we need to move it somewhere. Since there's no new position for this block in the goal state, I cannot provide a valid move.

Given these constraints, I'll answer:
move 1 1 0 1"
91, , ,"The start state and end state are the same. No moves are needed to reach the goal.

 "
92,"move(r0, c2, r2, c1)","move(r2, c2, r0, c1)","I need to compare the start state with the goal state.

Start state:
```
[[0. 0. 0.]
 [1. 1. 0.]
 [1. 1. 1.]]
```

Goal state:
```
[[0. 1. 0.]
 [1. 1. 0.]
 [1. 1. 0.]]
```

Looking at the differences:
- In the start state, there's a block at position (2, 2) that's not in the goal state.
- In the goal state, there's a block at position (0, 1) that's not in the start state.

The only valid move is to take the block from position (2, 2) to position (0, 1) since this block has no blocks above it (row 1, column 2 is empty) and the destination position is empty.

Therefore, the move is:
move 2 2 0 1"
93,"move(r0, c2, r2, c0)","move(r1, c1, r0, c0)","I'll analyze the current state and the goal state to determine the best move:

Current state:
```
[0 0 0]
[1 1 0]
[1 1 1]
```

Goal state:
```
[1 0 0]
[1 0 1]
[1 0 1]
```

Looking at the differences:
- Top row: Need to add a block at (0,0)
- Middle row: Need to remove a block at (1,1) and add a block at (1,2)
- Bottom row: Need to remove a block at (1,0)

I notice that the block at (1,1) has nothing above it, so it can be moved. The goal state shows we need a block at (0,0). So the best move would be:

move 1 1 0 0"
94,"move(r0, c2, r2, c0)","move(r1, c1, r0, c0)","I need to analyze the current state and the goal state to determine the best move.

Current state:
```
[0. 0. 0.]
[1. 1. 0.]
[1. 1. 1.]
```

Goal state:
```
[1. 0. 0.]
[1. 0. 0.]
[1. 1. 1.]
```

Comparing these states:
- Bottom row (row 2) is identical [1. 1. 1.]
- Middle row (row 1): Current has [1. 1. 0.], goal has [1. 0. 0.]
- Top row (row 0): Current has [0. 0. 0.], goal has [1. 0. 0.]

I need to move a block from column 1, row 1 (middle row, second column) to column 0, row 0 (top row, first column).

move 1 1 0 0"
95,"move(r0, c2, r2, c0)","move(r2, c2, r0, c0)","I need to examine the current state and the goal state to determine the best move.

In the current state:
- Blocks are at positions (1,0), (1,1), (2,0), (2,1), and (2,2)

In the goal state:
- Blocks are at positions (0,0), (1,0), (1,1), (2,0), and (2,1)

Comparing these:
- We need to add a block at (0,0)
- We need to remove a block from (2,2)

Since we can only move blocks with nothing above them, and we can move a block from (2,2) to (0,0), this is our move:

move 2 2 0 0"
96,"move(r1, c0, r0, c2)", ,"Looking at the start and goal states:

Start:
```
[[0. 1. 0.]
 [1. 1. 0.]
 [1. 1. 0.]]
```

Goal:
```
[[0. 0. 1.]
 [0. 1. 1.]
 [0. 1. 1.]]
```

I need to determine the best move to get closer to the goal state.

Analyzing the differences:
- In the left column (column 0): Start has blocks at rows 1 and 2, but goal has no blocks
- In the middle column (column 1): Start has blocks at rows 0, 1, and 2, but goal only has blocks at rows 1 and 2
- In the right column (column 2): Start has no blocks, but goal has blocks at rows 0, 1, and 2

I can only move blocks that have nothing above them. In the start state, I can move:
- The block at (0,1) because it's at the top
- The block at (1,0) because there's nothing above it

Looking at the goal state, I need to move blocks to the right column. Since I need to build the right column and remove from the left, I'll move:

move 1 0 0 2

This moves the block from row 1, column 0 to row 0, column 2, which is a step toward the goal configuration."
97,"move(r1, c0, r0, c2)","move(r1, c0, r1, c2)","I need to examine the start and goal states to determine the best move.

Start state:
```
[[0. 1. 0.]
 [1. 1. 0.]
 [1. 1. 0.]]
```

Goal state:
```
[[0. 1. 0.]
 [0. 1. 1.]
 [0. 1. 1.]]
```

Comparing these states, I can see:
- The block at (1,0) in the start state needs to be moved
- The block at (2,0) in the start state needs to be moved
- Two blocks need to be added at (1,2) and (2,2)

Based on the rules, I can only move one block at a time, and it must have an empty space above it. In the start state, the top row has empty spaces above the blocks at (1,0) and (2,0).

The most direct move would be to start moving blocks to the right column where they're needed. Since there's an empty space at position (1,2) and (2,2) in the goal state, I'll move a block there.

move 1 0 1 2"
98,"move(r1, c0, r0, c2)","move(r0, c1, r0, c2)","I need to analyze the current state and determine the best move to reach the goal state.

Current state:
```
[0 1 0]
[1 1 0]
[1 1 0]
```

Goal state:
```
[0 0 1]
[0 0 1]
[1 1 1]
```

Looking at the differences:
- In the current state, there's a 1 at (0,1) that needs to move
- The middle column (1) has too many blocks (2 in current vs 1 in goal)
- The right column (2) needs 2 blocks (0 in current vs 2 in goal)

Since we can only move blocks that have empty space above them, and can only move one block at a time, we should move the top block from the middle column to the right column.

The top block in the middle column is at position (0,1) and we want to move it to (0,2).

move 0 1 0 2"
99,"move(r1, c0, r0, c2)","move(r0, c1, r1, c2)","I need to transform the start state to the goal state following the rules.

Start state:
```
[[0. 1. 0.]
 [1. 1. 0.]
 [1. 1. 0.]]
```

Goal state:
```
[[0. 0. 0.]
 [0. 1. 1.]
 [1. 1. 1.]]
```

Analyzing the differences:
- The block at (0,1) in the start state needs to be removed
- A block needs to be added at (1,2) and (2,2)
- The block at (1,0) needs to be removed

Since we can only move one block at a time, I'll look for a valid move that brings us closer to the goal.

The block at (0,1) can be moved since it has nothing above it. Looking at the goal state, we need a block at (1,2) which is currently empty.

Therefore, the best move is:
move 0 1 1 2"
